feature,importance
rsa_contracted_forecast,0.5655030800821276
dispatchable_generation,0.4232032854209386
day_of_year,0.024640657084188673
temperature_2m_roll_min_24h,0.014579055441478443
original_res_forecast_before_lockdown,0.012731006160164206
international_imports,0.012320328542094337
hydro_water_sco,0.008829568788501144
non_comm_sentout,0.008829568788501144
total_pclf,0.007802874743326296
drakensberg_gen_unit_hours,0.007597535934291537
hydro_water_generation,0.0053388090349076045
residual_demand_roll_mean_24h,0.004928131416837909
hour,0.004517453798768215
wind_speed_10m_roll_mean_6h,0.004312114989733105
residual_demand_roll_mean_6h,0.0041067761806983455
residual_demand_lag1,0.0039014373716637616
residual_demand_roll_min_24h,0.003901437371663235
palmiet_gen_unit_hours,0.0032854209445586065
residual_forecast,0.003080082135524022
ios_excl_ils_and_mlr,0.0030800821355236718
ingula_gen_unit_hours,0.002874743326488912
wind,0.0026694045174539775
wind_speed_10m_roll_max_24h,0.002464065708419218
temperature_2m_roll_mean_6h,0.0022587268993842827
cloud_cover,0.0022587268993842827
total_uclf,0.0020533880903491728
month,0.0018480492813144132
season_spring,0.0016427104722794782
temperature_2m_roll_mean_24h,0.001437371663244719
residual_demand_roll_max_6h,0.001232032854209784
shortwave_radiation_roll_mean_6h,0.001232032854209609
shortwave_radiation_lag1,0.001232032854209609
pumped_water_generation,0.001232032854209609
residual_demand_lag24,0.001026694045174674
shortwave_radiation,0.0008213552361397391
apparent_temperature,0.0008213552361397391
wind_speed_10m_lag1,0.0006160164271048045
temp_hour_interaction,0.0006160164271048045
installed_eskom_capacity,0.0006160164271048045
wind_speed_10m,0.00041067761806986956
manual_load_reductionmlr,0.00041067761806986956
temperature_2m,0.00020533880903493478
csp_installed_capacity,0.00020533880903493478
total_uclf_plus_oclf,0.0
quarter,0.0
season_winter,0.0
temperature_2m_lag2,0.0
nuclear_generation,0.0
is_weekend,0.0
total_re,0.0
year,0.0
pv_installed_capacity,0.0
shortwave_radiation_roll_min_6h,0.0
temperature_2m_roll_max_6h,0.0
other_re_installed_capacity,0.0
shortwave_radiation_roll_min_24h,0.0
eskom_ocgt_sco,0.0
precipitation,-0.0002053388090347596
residual_demand,-0.0002053388090347596
wind_speed_10m_lag24,-0.0002053388090347596
shortwave_radiation_lag2,-0.00020533880903493478
wind_speed_10m_lag2,-0.0004106776180695192
wind_speed_10m_roll_min_6h,-0.0004106776180696944
day_of_week,-0.0008213552361393888
shortwave_radiation_lag24,-0.0008213552361397391
season_summer,-0.0008213552361397391
residual_demand_lag2,-0.0010266940451743238
temperature_2m_lag1,-0.001026694045174674
eskom_gas_sco,-0.0012320328542092583
surface_pressure,-0.0012320328542092583
wind_speed_10m_roll_mean_24h,-0.0020533880903489976
wind_speed_10m_roll_max_6h,-0.0022587268993837575
temperature_2m_lag24,-0.002669404517453452
other_re,-0.0026694045174536266
dispatchable_ipp_ocgt,-0.0028747433264883866
shortwave_radiation_roll_max_24h,-0.0030800821355233213
residual_demand_roll_max_24h,-0.0030800821355233213
temperature_2m_roll_min_6h,-0.0030800821355233213
shortwave_radiation_roll_max_6h,-0.003285420944558256
season_autumn,-0.0036960985626279504
temperature_2m_roll_max_24h,-0.0036960985626279504
wind_speed_10m_roll_min_24h,-0.0036960985626281256
wind_speed_100m,-0.003696098562628301
rsa_contracted_demand,-0.004722792607802625
thermal_generation,-0.004928131416837384
eskom_gas_generation,-0.005133470225872494
residual_demand_roll_min_6h,-0.005544147843942363
shortwave_radiation_roll_mean_24h,-0.006160164271046817
total_re_installed_capacity,-0.006570841889116863
wind_installed_capacity,-0.006776180698151622
international_exports,-0.007392197125256427
total_oclf,-0.007392197125256427
pv,-0.008213552361395815
csp,-0.00862422997946586
eskom_ocgt_generation,-0.00965092402464036
pumped_water_sco_pumping,-0.010472279260779923
dew_point_2m,-0.016632443531827093
